state,No,Yes
Alabama,301,808
Alaska,342,222
Arizona,192,651
Arkansas,610,457
California,70,696
Colorado,352,436
Connecticut,382,454
Delaware,456,201
District of Columbia,720,222
Florida,197,768
Georgia,232,768
Guam,242,182
Hawaii,371,268
Idaho,521,467
Illinois,191,588
Indiana,297,597
Iowa,390,464
Kansas,621,289
Kentucky,354,618
Louisiana,187,570
Maine,622,291
Maryland,240,505
Massachusetts,352,551
Michigan,214,615
Minnesota,424,442
Mississippi,444,420
Missouri,275,634
Montana,482,242
Nebraska,603,260
Nevada,280,633
New Hampshire,408,213
New Jersey,286,433
New Mexico,420,533
New York,247,448
North Carolina,304,733
North Dakota,318,140
Ohio,269,690
Oklahoma,463,552
Oregon,298,585
Pennsylvania,280,511
Rhode Island,269,148
South Carolina,352,565
South Dakota,432,224
Tennessee,208,819
Texas,172,635
Utah,529,352
Vermont,398,282
Virgin Islands,139,93
Virginia,200,569
Washington,169,514
West Virginia,562,296
Wisconsin,385,575
Wyoming,207,100
